feature,importance
total_amount,0.7796330796045222
discount_rate,0.06402721080359106
unit_price,0.03546039354503802
region_enc,0.02955356871519766
country_enc,0.027031846122301546
quantity,0.021937396638641436
month,0.015123165383485907
category_enc,0.009668465354579698
year,0.006466958381560253
quarter,0.005602546964323016
tier_enc,0.005495368486759169
